Schedule MAC--11---, MACC-12--- Simultaneous,,,
Schedule MACLV11---, MACLV12--- Simultaneous,,,
Schedule MACLV11G--, MACLV12G-- Simultaneous,,,
Schedule MADD-09---, MTDRF10--- Simultaneous,,,
Schedule MADER09---, MTEAR10---, MTROB11---, MTROB12--- Simultaneous,,,
Schedule MADFS09---, MFOOD10--- Simultaneous,,,
Schedule MADGE09D--, MTEXP10D--, YMIS-1DD--, YMIS-2DD-- Simultaneous,,,
Schedule MADIT09---, MWBDV10--- Simultaneous,,,
Schedule MADW-09---, MWWK-10---, MWWK-11---, MWWK-12--- Simultaneous,,,
Schedule MAE--09---, MVAST10--- Simultaneous,,,
Schedule MAE--09---, MVAST10--- Simultaneous,,,
Schedule MCMCC11--L, MCMCC12--L, MMUCC10--L, XC---09--L Simultaneous,,,
Schedule MCMPR11---, MCMPR12--- Simultaneous,,,
Schedule MCSTU10---, MDMD-12D--, MDCOM11C-- Simultaneous,,,
Schedule MDCF-10---, MDCF-11---, MDCF-12---, MDNC-09F-- Simultaneous,,,
Schedule MDNC-09H--, MDNCN11---, MDNCN12---, MIDS-0B--- Simultaneous,,,
Schedule MDNC-09M-L, MDNCM10--L, MDNCM11--L, MDNCM12--L Simultaneous,,,
Schedule MDNC-09PT-, MDNTP10---, MDNTP11---, MDNTP12--- Simultaneous,,,
Schedule MDNC-10--L, MDNC-11--L, MDNC-12--L, MDNC-09C-L Simultaneous,,,
Schedule MDR--09---, MDRM-10--- Simultaneous,,,
Schedule MDRM-10---, MDRM-11---, MDRM-12--- Simultaneous,,,
Schedule MDRM-11---, MDRM-12--- Simultaneous,,,
Schedule MFOOD11---, MFOOD12--- Simultaneous,,,
Schedule MFTCD11---, MFTCD12--- Simultaneous,,,
Schedule MIMCB11--L, MIMCB12--L Simultaneous,,,
Schedule MIMG-11---, MIMG-12---, MMUGT10--- Simultaneous,,,
Schedule MIMJB11--L, MIMJB12--L Simultaneous,,,
Schedule MMACS11---, MMACS12--- Simultaneous,,,
Schedule MMEDD10---, MMEDD11---, MMEDD12--- Simultaneous,,,
Schedule MMUCB10--L, MPHED10B-L NotSimultaneous,,,
Schedule MMUCB10--L, MPHED10G-L NotSimultaneous,,,
Schedule MMUOR10S-L, MMUOR11S-L, MMUOR12S-L, XLDCB09S-L ",,,
Schedule MODED11---, MODED12---, YPR--0BX-- Simultaneous,,,
Schedule MPHE-09---, MPHED10--- Simultaneous,,,
Schedule MPHE-09B--, MPHED10B-- Simultaneous,,,
Schedule MPHE-09G--, MPHED10G-- Simultaneous,,,
Schedule MPHE-09Y--, YPA--0CX--, YPA--1CX--, YPA--2CX-- Simultaneous,,,
Schedule MSP--09---, MSP--10--- Simultaneous,,,
Schedule MSP--11---, MSP--12--- Simultaneous,,,
Schedule MSPLG10--L, YESFL0AX-- Terms,,,
Schedule MTAUT11---, MTAUT12---, MTEAD12--- Simultaneous,,,
Schedule MTDRF12---, MADD-09---, MTDRF10---, MTDRF11--- Simultaneous,,,
Schedule MTPOW10---, XLDCB09M-- Simultaneous,,,
Schedule MVAPH10---, MVAPH11---, MVAPH12--- Simultaneous,,,
Schedule MVAST11---, MVAST12--- Simultaneous,,,
Schedule XBA--09B-L, XBA--09C-L Simultaneous,,,
Schedule XBA--09B-L, XBA--09C-L, MPHE-09B-L NotSimultaneous,,,
Schedule XBA--09B-L, XBA--09C-L, MPHE-09G-L NotSimultaneous,,,
Schedule YCPA-0AX-L, YCPA-1AX-L, YCPA-2AX-L Simultaneous,,,
Schedule YCPA-0AXE-, YCPA-1AXE-, YCPA-2AXE- Simultaneous,,,
Schedule YED--0BX-L, YED--1EX-L, YED--2DX-L Simultaneous,,,